﻿<?xml version="1.0" encoding="utf-8"?>
<SystemConfig version="16">
  <Identity>84aa3604-dd7f-48ec-b699-b33334a7ff82</Identity>
  <AllowFilterEvaluation>true</AllowFilterEvaluation>
  <DefaultUpdateInterval>10</DefaultUpdateInterval>
  <Channels>
    <Channel id="8d2e712f-0e0c-4ea1-be4a-15b8684a9f8c" name="PB-7" />
    <Channel id="b8183ded-04ef-4f4a-9eda-a5ffe32ff6c3" name="PB-6" />
    <Channel id="cce563b0-514f-48a2-8f18-4c0523484c41" name="PB-5" />
    <Channel id="5ad9e966-e262-4e43-8d03-411697bcac98" name="PB-4" />
    <Channel id="d870ab49-97e9-4d11-a286-e9426e4e6c9d" name="PB-3" />
    <Channel id="892f2dad-ad9a-4ac4-bdc9-02ea3ee282c1" name="PB-2" />
    <Channel id="36e60f17-705a-45bd-94bd-6b1947976211" name="PB-1" />
    <Channel id="c9187cf2-6d8a-4799-a830-9dbd1cb92906" name="BR-1" />
    <Channel id="62e123a5-e6bf-4d76-ab42-8ab549be0c78" name="BR-2" />
    <Channel id="e78bc3ee-7897-41e8-86e7-928bb9be7943" name="RE-1" />
    <Channel id="08524dfa-eff3-42ef-93a7-1ddadc226806" name="RE-2" />
    <Channel id="0269480e-0e14-438b-af87-9aed4f83fa97" name="RE-3" />
    <Channel id="5ae35536-eb36-43ac-88f6-fd3be75773c5" name="PX-1 " />
    <Channel id="19362936-c28a-4f95-a573-9be6a9051d14" name="PX-2" />
    <Channel id="b933a4c1-81c8-46a8-91dc-460240a5c57d" name="TB1-1" />
    <Channel id="8c9e852a-175d-42ad-881b-ca0d6375c3b0" name="TB1-2" />
    <Channel id="bcb775a6-7482-4919-b897-66f92cee788c" name="TB2-1" />
    <Channel id="f78495a6-6de1-4201-b2e4-ece2fda6a15f" name="TB2-2" />
    <Channel id="e9591b50-16a3-4da1-bf12-c5696d046dc1" name="LG-1" />
    <Channel id="7d778a1b-c45a-4f9f-9743-fd943077b529" name="LG-2" />
    <Channel id="25a00221-90e7-4649-a0b2-7d3e1d7a7af6" name="LG-3" />
    <Channel id="b0367348-7324-49ae-9fe0-f3ba5f87ae93" name="LG-4" />
    <Channel id="100aa98b-adc3-419d-b7c7-b2e75ba465a5" name="LG-5" />
    <Channel id="8816894e-56d0-40f0-969c-7814bd5c5b2f" name="Eye-1" />
    <Channel id="9f95a913-7368-431c-a030-7c45a535732a" name="EyePan" />
    <Channel id="17c40870-1458-41a0-83f8-0fcabf595924" name="EyeTilt" />
    <Channel id="30a206ac-dd25-41e3-ab61-eff573b81192" name="EyeLid" />
    <Channel id="b636085c-da57-4713-9989-11f8b07e6ca5" name="NoseCurl" />
    <Channel id="43616957-78f7-4c07-a504-b338555e358f" name="Mouth" />
    <Channel id="85fff3a6-808b-4222-a8b5-5bd60a618cec" name="BrainPulse" />
    <Channel id="69c0a99f-2ae5-4aba-b277-8c71adade049" name="EyeTilt" />
    <Channel id="ebc3b122-9eb8-4b0e-8dfa-5f05bda86b5c" name="EyeLid" />
    <Channel id="7eda3dd5-8b7c-4d0b-b1ab-92186886b545" name="NoseCurl" />
    <Channel id="50142af4-484c-484e-abfa-fe3842098541" name="BrainPulse" />
    <Channel id="69315a89-28fd-4bcb-ae8e-96a376985b54" name="Mouth" />
    <Channel id="54af8e97-a2b4-4a86-ace9-177d2fba5c5d" name="NeckPan" />
    <Channel id="a300f39c-6937-4eef-9c39-13fc7f78ceb7" name="NeckTilt" />
    <Channel id="3ea877da-d44d-47af-888a-bc93aefeafb4" name="Test" />
    <Channel id="2c6aafd4-6a21-4796-84b7-dde5c1959b39" name="FL-2" />
    <Channel id="ab0c1569-7f03-42eb-b807-3a21c6a37faa" name="FL-1" />
    <Channel id="27140520-5b5e-4a39-a544-5bf1cd03b811" name="Item-1" />
    <Channel id="30dc1dfd-4acb-4b2f-a91b-9932e6648e89" name="Item-2" />
  </Channels>
  <Nodes>
    <Node name="Brain" id="7120ffb1-12f6-48af-a37c-18aef5593543">
      <Node name="BR-1" id="0d8adca7-9d5d-4c8a-ac92-0f5187ed1c90" channelId="c9187cf2-6d8a-4799-a830-9dbd1cb92906">
        <Properties>
          <Property typeId="bff34727-6b88-4f87-82b7-68424498c725" instanceId="10a15fbf-4a2d-4b58-848c-53eaa13d4534" />
          <Property typeId="3fb53423-dd2a-4719-b3e3-19aa6f062f62" instanceId="ed0cc21a-6e03-4499-abe2-90e797ddf262" />
        </Properties>
      </Node>
      <Node name="BR-2" id="5c370dc1-2529-484b-99f8-336ad8862419" channelId="62e123a5-e6bf-4d76-ab42-8ab549be0c78">
        <Properties>
          <Property typeId="bff34727-6b88-4f87-82b7-68424498c725" instanceId="5da4b348-21e1-49c4-ba5e-40450c30827c" />
          <Property typeId="3fb53423-dd2a-4719-b3e3-19aa6f062f62" instanceId="d50afaa5-95f4-4693-8ab1-fd282122dedd" />
        </Properties>
      </Node>
    </Node>
    <Node name="PowerBar" id="05bc011f-8232-4101-960f-998f77f990a3">
      <Node name="PB-1" id="5c73af21-bd25-4ba9-8749-7a24e3b0a4cf" channelId="36e60f17-705a-45bd-94bd-6b1947976211">
        <Properties>
          <Property typeId="bff34727-6b88-4f87-82b7-68424498c725" instanceId="9447d51e-0ec5-4eff-910a-dff7f8b321cc" />
          <Property typeId="3fb53423-dd2a-4719-b3e3-19aa6f062f62" instanceId="c4272427-bb95-4df6-b42d-df818172909b" />
        </Properties>
      </Node>
      <Node name="PB-2" id="858da800-f79e-4d73-a77a-bf5f98b50547" channelId="892f2dad-ad9a-4ac4-bdc9-02ea3ee282c1">
        <Properties>
          <Property typeId="bff34727-6b88-4f87-82b7-68424498c725" instanceId="45225227-4895-4ee0-a9c6-f24b4232b07c" />
          <Property typeId="3fb53423-dd2a-4719-b3e3-19aa6f062f62" instanceId="d232a28f-9f67-43e4-8a94-c1dff5b201e5" />
        </Properties>
      </Node>
      <Node name="PB-3" id="edf96b44-8188-424a-b969-874cf712f362" channelId="d870ab49-97e9-4d11-a286-e9426e4e6c9d">
        <Properties>
          <Property typeId="bff34727-6b88-4f87-82b7-68424498c725" instanceId="bfb1bae3-6394-4a8e-bc05-7ac0b389f1cd" />
          <Property typeId="3fb53423-dd2a-4719-b3e3-19aa6f062f62" instanceId="a6b9ca27-9326-4589-838d-298c72b4f46c" />
        </Properties>
      </Node>
      <Node name="PB-4" id="c7c416fe-7220-4e4f-b958-529ff1e64da0" channelId="5ad9e966-e262-4e43-8d03-411697bcac98">
        <Properties>
          <Property typeId="bff34727-6b88-4f87-82b7-68424498c725" instanceId="9df2b830-2c6b-4c67-a166-0840c69decc7" />
          <Property typeId="3fb53423-dd2a-4719-b3e3-19aa6f062f62" instanceId="37d77a96-c04f-498d-a333-81e8d536765c" />
        </Properties>
      </Node>
      <Node name="PB-5" id="8d38a1bd-f4f2-4d6b-be94-676a1babc19c" channelId="cce563b0-514f-48a2-8f18-4c0523484c41">
        <Properties>
          <Property typeId="bff34727-6b88-4f87-82b7-68424498c725" instanceId="a9c4afda-d92d-4b09-910e-f0530a019ab3" />
          <Property typeId="3fb53423-dd2a-4719-b3e3-19aa6f062f62" instanceId="9f713a86-fd74-4d07-9266-686c0747119b" />
        </Properties>
      </Node>
      <Node name="PB-6" id="67bb27fe-d8a2-4ce5-a91f-3af30d8e9e09" channelId="b8183ded-04ef-4f4a-9eda-a5ffe32ff6c3">
        <Properties>
          <Property typeId="bff34727-6b88-4f87-82b7-68424498c725" instanceId="21903ae6-00f5-487b-9f21-4664c6025d76" />
          <Property typeId="3fb53423-dd2a-4719-b3e3-19aa6f062f62" instanceId="bd923cd8-e2b7-4ffb-933b-b25beed9c0cf" />
        </Properties>
      </Node>
      <Node name="PB-7" id="affb327c-b65f-4d81-8ecb-087af714f53f" channelId="8d2e712f-0e0c-4ea1-be4a-15b8684a9f8c">
        <Properties>
          <Property typeId="bff34727-6b88-4f87-82b7-68424498c725" instanceId="0d894bcf-f801-4258-b774-65ba26c73a6b" />
          <Property typeId="3fb53423-dd2a-4719-b3e3-19aa6f062f62" instanceId="ca017fa0-6b07-46ac-ab80-ef9fa7673061" />
        </Properties>
      </Node>
    </Node>
    <Node name="Reactor" id="e7b9844e-ed5c-4015-8474-7eb91d20b993">
      <Node name="RE-1" id="9444bc40-20e9-46cf-b2af-e7249eb4775c" channelId="e78bc3ee-7897-41e8-86e7-928bb9be7943">
        <Properties>
          <Property typeId="bff34727-6b88-4f87-82b7-68424498c725" instanceId="261a1328-9a06-42d3-9ba3-d7197654f7f7" />
          <Property typeId="3fb53423-dd2a-4719-b3e3-19aa6f062f62" instanceId="25eb4d25-cac8-48f4-9a80-6ab7204c47fe" />
        </Properties>
      </Node>
      <Node name="RE-2" id="e21c465a-7934-48f5-9720-4548a708403d" channelId="08524dfa-eff3-42ef-93a7-1ddadc226806">
        <Properties>
          <Property typeId="bff34727-6b88-4f87-82b7-68424498c725" instanceId="cb864716-bf16-4af2-aa42-9a135d864005" />
          <Property typeId="3fb53423-dd2a-4719-b3e3-19aa6f062f62" instanceId="e5e1c513-f267-44ea-a48a-67ae0b6442b4" />
        </Properties>
      </Node>
      <Node name="RE-3" id="ee3c1dc5-da37-45e0-86f1-e7cd9317b412" channelId="0269480e-0e14-438b-af87-9aed4f83fa97">
        <Properties>
          <Property typeId="bff34727-6b88-4f87-82b7-68424498c725" instanceId="a774a7dc-5610-426e-b70e-08fb752e1fb8" />
          <Property typeId="3fb53423-dd2a-4719-b3e3-19aa6f062f62" instanceId="551c6736-bb74-40f8-a707-8feb139e1d10" />
        </Properties>
      </Node>
    </Node>
    <Node name="PowerBox" id="6211195a-fdca-414e-aefd-44ca040d0a78">
      <Node name="PX-1 " id="fa0b146d-09b5-4ef4-9642-fb99171122b6" channelId="5ae35536-eb36-43ac-88f6-fd3be75773c5">
        <Properties>
          <Property typeId="bff34727-6b88-4f87-82b7-68424498c725" instanceId="a621892c-9bba-45d4-9882-c10cc018d214" />
          <Property typeId="3fb53423-dd2a-4719-b3e3-19aa6f062f62" instanceId="2bb0c0ef-2d19-4a7f-afa5-c526115459a2" />
        </Properties>
      </Node>
      <Node name="PX-2" id="6034dfd2-e0d3-4798-aed9-49f6a23e048e" channelId="19362936-c28a-4f95-a573-9be6a9051d14">
        <Properties>
          <Property typeId="bff34727-6b88-4f87-82b7-68424498c725" instanceId="a1c72ad2-e43f-4a0b-beab-090f004f4c9f" />
          <Property typeId="3fb53423-dd2a-4719-b3e3-19aa6f062f62" instanceId="7ba0b0bd-d900-4e37-a3b3-351d93ebc81f" />
        </Properties>
      </Node>
    </Node>
    <Node name="Tube1" id="0a61a22f-6380-4099-b7d7-9edf89a9e6c7">
      <Node name="TB1-1" id="4b4840af-0674-409a-8fb2-2e9245791556" channelId="b933a4c1-81c8-46a8-91dc-460240a5c57d">
        <Properties>
          <Property typeId="bff34727-6b88-4f87-82b7-68424498c725" instanceId="e2deac06-9017-4808-8caf-50ecfa44906f" />
          <Property typeId="3fb53423-dd2a-4719-b3e3-19aa6f062f62" instanceId="2fb2549f-ff13-4174-bdda-786f0c71d17a" />
        </Properties>
      </Node>
      <Node name="TB1-2" id="7a0e7ec8-6236-41fc-b8fe-cb376803e816" channelId="8c9e852a-175d-42ad-881b-ca0d6375c3b0">
        <Properties>
          <Property typeId="bff34727-6b88-4f87-82b7-68424498c725" instanceId="2788261d-cda6-4a00-a12d-c87d11babeb1" />
          <Property typeId="3fb53423-dd2a-4719-b3e3-19aa6f062f62" instanceId="9c3c04b1-d02c-4b2c-bc19-0816192cd2d7" />
        </Properties>
      </Node>
    </Node>
    <Node name="Tube2" id="55f62f96-76a6-47af-8585-29cda518e6fc">
      <Node name="TB2-1" id="6d23797b-6837-4a95-a4db-c4fa38172c07" channelId="bcb775a6-7482-4919-b897-66f92cee788c">
        <Properties>
          <Property typeId="bff34727-6b88-4f87-82b7-68424498c725" instanceId="fe95dba5-b3f1-49ee-886d-158d169fb7ff" />
          <Property typeId="3fb53423-dd2a-4719-b3e3-19aa6f062f62" instanceId="52346fbe-94b9-4282-a35f-4fd2619c0d33" />
        </Properties>
      </Node>
      <Node name="TB2-2" id="dc849c50-fb4a-4a00-a65b-276375bf2878" channelId="f78495a6-6de1-4201-b2e4-ece2fda6a15f">
        <Properties>
          <Property typeId="bff34727-6b88-4f87-82b7-68424498c725" instanceId="a3193aaa-38a9-4d46-ae64-8b3bf8b70621" />
          <Property typeId="3fb53423-dd2a-4719-b3e3-19aa6f062f62" instanceId="4c3a440c-d48b-4d3a-b76c-5ea06c411a4b" />
        </Properties>
      </Node>
    </Node>
    <Node name="Logo" id="bbe3c6a8-979b-4864-8fed-60d5df9a2d8e">
      <Node name="LG-1" id="3b0e3387-3249-4dc1-bce1-98e84059dbf8" channelId="e9591b50-16a3-4da1-bf12-c5696d046dc1">
        <Properties>
          <Property typeId="bff34727-6b88-4f87-82b7-68424498c725" instanceId="64888487-e781-4f62-9dbb-cd51752a49f3" />
          <Property typeId="3fb53423-dd2a-4719-b3e3-19aa6f062f62" instanceId="cc8e52df-1bdc-4af8-b310-1b788829284d" />
        </Properties>
      </Node>
      <Node name="LG-2" id="ebc512c4-d411-4de8-b815-d849ae947f39" channelId="7d778a1b-c45a-4f9f-9743-fd943077b529">
        <Properties>
          <Property typeId="bff34727-6b88-4f87-82b7-68424498c725" instanceId="785477fd-a12d-4df0-b68b-b2fd0b14c7f7" />
          <Property typeId="3fb53423-dd2a-4719-b3e3-19aa6f062f62" instanceId="ee644b43-c3ec-4e44-8032-8bd8f5d1ab13" />
        </Properties>
      </Node>
      <Node name="LG-3" id="786a46d7-b8c9-4b4b-90a3-b71df8c12038" channelId="25a00221-90e7-4649-a0b2-7d3e1d7a7af6">
        <Properties>
          <Property typeId="bff34727-6b88-4f87-82b7-68424498c725" instanceId="2965279b-5e6d-421d-8dc1-3c9b9cde0720" />
          <Property typeId="3fb53423-dd2a-4719-b3e3-19aa6f062f62" instanceId="0ad2df29-3845-4f3f-ac6c-99a4af227665" />
        </Properties>
      </Node>
      <Node name="LG-4" id="5592aa01-ea26-401a-84c6-44a979bef200" channelId="b0367348-7324-49ae-9fe0-f3ba5f87ae93">
        <Properties>
          <Property typeId="bff34727-6b88-4f87-82b7-68424498c725" instanceId="c133682e-85f5-4617-9090-b16be2878dbb" />
          <Property typeId="3fb53423-dd2a-4719-b3e3-19aa6f062f62" instanceId="5512554f-7432-4f71-8e41-a19cecb4833c" />
        </Properties>
      </Node>
      <Node name="LG-5" id="72134814-6203-4afb-9281-f90818b9e559" channelId="100aa98b-adc3-419d-b7c7-b2e75ba465a5">
        <Properties>
          <Property typeId="bff34727-6b88-4f87-82b7-68424498c725" instanceId="60b31bf8-01f8-4d90-bbac-1ffb0fac3ecf" />
          <Property typeId="3fb53423-dd2a-4719-b3e3-19aa6f062f62" instanceId="f73dcf9f-3944-4ab7-95a7-0e9dbef80227" />
        </Properties>
      </Node>
    </Node>
    <Node name="Eyes" id="3cf44307-e88d-4e1e-8139-6c50000f729e">
      <Node name="Eye-1" id="777a840c-5d63-41b0-8905-6b97c86cc892" channelId="8816894e-56d0-40f0-969c-7814bd5c5b2f">
        <Properties>
          <Property typeId="bff34727-6b88-4f87-82b7-68424498c725" instanceId="e40024bb-4f32-4d6e-92f8-3a9e8202396d" />
          <Property typeId="3fb53423-dd2a-4719-b3e3-19aa6f062f62" instanceId="eadb49ef-4a44-4b64-9454-304e12d74a57" />
        </Properties>
      </Node>
    </Node>
    <Node name="EyePan" id="eb5a5394-667d-478d-b980-4b430990e85a" channelId="9f95a913-7368-431c-a030-7c45a535732a">
      <Properties>
        <Property typeId="bff34727-6b88-4f87-82b7-68424498c725" instanceId="d41108a3-33b8-470e-87cb-6e6e489b7d31" />
        <Property typeId="3fb53423-dd2a-4719-b3e3-19aa6f062f62" instanceId="c9bc59d4-e5a8-4fab-a6a9-e5a6587384d3" />
      </Properties>
    </Node>
    <Node name="EyeTilt" id="04c0fff9-0345-4f7f-80a9-d0025cca11c8" channelId="69c0a99f-2ae5-4aba-b277-8c71adade049">
      <Properties>
        <Property typeId="bff34727-6b88-4f87-82b7-68424498c725" instanceId="48569c25-dee4-4786-9bf3-3256c994e1e9" />
        <Property typeId="3fb53423-dd2a-4719-b3e3-19aa6f062f62" instanceId="fe03eb68-ad0d-4db7-a4da-03caf487e1d0" />
      </Properties>
    </Node>
    <Node name="EyeLid" id="d7b452b7-4a07-49d3-bc06-8663fd9fbe8f" channelId="ebc3b122-9eb8-4b0e-8dfa-5f05bda86b5c">
      <Properties>
        <Property typeId="bff34727-6b88-4f87-82b7-68424498c725" instanceId="b5860e99-340b-4975-bb78-f109c8a51b2b" />
        <Property typeId="3fb53423-dd2a-4719-b3e3-19aa6f062f62" instanceId="74b9306e-41bb-433f-b363-830ea1cc6280" />
      </Properties>
    </Node>
    <Node name="NoseCurl" id="0bcc73e9-022e-4e7c-ad9d-b6d7eb45cf99" channelId="7eda3dd5-8b7c-4d0b-b1ab-92186886b545">
      <Properties>
        <Property typeId="bff34727-6b88-4f87-82b7-68424498c725" instanceId="eb2d0518-6c77-4601-97ae-39e4044e1992" />
        <Property typeId="3fb53423-dd2a-4719-b3e3-19aa6f062f62" instanceId="6f9fea1e-d0c9-4f8c-b56a-43d555ed4aee" />
      </Properties>
    </Node>
    <Node name="BrainPulse" id="f99736de-3d6f-4432-bd68-599bc73ba521" channelId="50142af4-484c-484e-abfa-fe3842098541">
      <Properties>
        <Property typeId="bff34727-6b88-4f87-82b7-68424498c725" instanceId="be827d30-1ade-455c-ac79-6b7d5b8205d3" />
        <Property typeId="3fb53423-dd2a-4719-b3e3-19aa6f062f62" instanceId="21d26a01-10c9-4e34-987c-2c5683a303b3" />
      </Properties>
    </Node>
    <Node name="Mouth" id="14e6883f-8ced-45b5-920d-108244b26e6e" channelId="69315a89-28fd-4bcb-ae8e-96a376985b54">
      <Properties>
        <Property typeId="bff34727-6b88-4f87-82b7-68424498c725" instanceId="cd655a01-2b1b-4127-8932-7a278c178d04" />
        <Property typeId="3fb53423-dd2a-4719-b3e3-19aa6f062f62" instanceId="cb053852-374f-4d4f-8d23-c2bc9831ff3d" />
      </Properties>
    </Node>
    <Node name="NeckPan" id="2a946982-ab49-4d9e-a825-e86569482e80" channelId="54af8e97-a2b4-4a86-ace9-177d2fba5c5d">
      <Properties>
        <Property typeId="bff34727-6b88-4f87-82b7-68424498c725" instanceId="940e7811-6def-4d94-92e2-558254918fdb" />
        <Property typeId="3fb53423-dd2a-4719-b3e3-19aa6f062f62" instanceId="fa4deb96-144f-4ef6-9c13-1b83e8a27ea3" />
      </Properties>
    </Node>
    <Node name="NeckTilt" id="e31f87d1-f745-4604-821c-5f336ff6bfac" channelId="a300f39c-6937-4eef-9c39-13fc7f78ceb7">
      <Properties>
        <Property typeId="bff34727-6b88-4f87-82b7-68424498c725" instanceId="3d720503-1c8d-459e-b735-5bc0153226ce" />
        <Property typeId="3fb53423-dd2a-4719-b3e3-19aa6f062f62" instanceId="aaaac382-3a09-4147-b7bd-8441c730249e" />
      </Properties>
    </Node>
    <Node name="Test" id="cf933962-df0e-49dc-b722-f56331bc5c32" channelId="3ea877da-d44d-47af-888a-bc93aefeafb4">
      <Properties>
        <Property typeId="bff34727-6b88-4f87-82b7-68424498c725" instanceId="13863390-da8d-40d0-89e1-f10393c0f267" />
        <Property typeId="3fb53423-dd2a-4719-b3e3-19aa6f062f62" instanceId="68a86eab-d02d-47e8-a7f7-7ca2da500d33" />
      </Properties>
    </Node>
    <Node name="Flood" id="c50e426b-4f38-444c-aa5d-e20cedb5b079">
      <Node name="FL-1" id="1c401ec6-5604-4b87-9a7e-a30d40724459" channelId="ab0c1569-7f03-42eb-b807-3a21c6a37faa">
        <Properties>
          <Property typeId="bff34727-6b88-4f87-82b7-68424498c725" instanceId="10b09778-ca51-453b-86ed-39cbe572cab6" />
        </Properties>
      </Node>
      <Node name="FL-2" id="4ae6b0da-09a9-4b38-b3fc-611f13adbaa8" channelId="2c6aafd4-6a21-4796-84b7-dde5c1959b39">
        <Properties>
          <Property typeId="bff34727-6b88-4f87-82b7-68424498c725" instanceId="b113bde5-1eb1-4f41-8993-2136347724a3" />
        </Properties>
      </Node>
    </Node>
    <Node name="FloodLevel" id="48a49798-c0f8-48a2-aa1b-52fa1b884fb8">
      <Node name="Item-1" id="f0ffc4c9-7de7-45dc-9d80-6f93b5106474" channelId="27140520-5b5e-4a39-a544-5bf1cd03b811">
        <Properties>
          <Property typeId="bff34727-6b88-4f87-82b7-68424498c725" instanceId="4f52de7a-79a9-46f0-95d7-13c7b235b432" />
        </Properties>
      </Node>
      <Node name="Item-2" id="4ad42683-1773-47fe-b8ea-2d12330db18c" channelId="30dc1dfd-4acb-4b2f-a91b-9932e6648e89">
        <Properties>
          <Property typeId="bff34727-6b88-4f87-82b7-68424498c725" instanceId="7916dded-e637-4d61-b603-d2d6cefa9048" />
        </Properties>
      </Node>
    </Node>
  </Nodes>
  <Controllers>
    <Controller name="Serial1" hardwareId="d22c9233-16e9-4008-a215-e577f78a7a2e" hardwareInstanceId="83a490ea-306b-4319-aa8c-b79c063461d0" id="39d1ec5d-6248-4ff7-bf5b-fe1df1c72f2f">
      <Outputs>
        <Output name="Output 1" id="a6afbd56-0ba5-4799-807b-1a291907cfb2" />
        <Output name="Output 2" id="f1584314-b217-426e-8650-69e894dfa9f4" />
        <Output name="Output 3" id="e2b0c217-2158-49c0-acde-d40ce22a19a5" />
        <Output name="Output 4" id="8576e705-19fa-455f-865d-07eb6ac12bc7" />
        <Output name="Output 5" id="1476621c-3c76-4e05-a6c5-65332125de47" />
        <Output name="Output 6" id="d9af77a1-e050-44aa-83f9-98c93b4dc25e" />
        <Output name="Output 7" id="78bf0a0d-84f5-45ac-8a51-3e2d558a91ee" />
        <Output name="Output 8" id="d3900092-1366-402e-bd66-74527a4d8868" />
        <Output name="Output 9" id="6436d4e2-1fc8-486c-a0bd-40b9df14c280" />
        <Output name="Output 10" id="fb3e838f-677d-491b-a6be-123ef73dada4" />
        <Output name="Output 11" id="c20a0b40-23c9-4c48-88be-d051d84bf1ad" />
        <Output name="Output 12" id="61f76e2a-6130-4208-be00-acb8d76a23ef" />
        <Output name="Output 13" id="6ebd8d45-8cbd-423e-87a3-e8d92c5376a0" />
        <Output name="Output 14" id="5b023ed4-44f7-4eb2-bbd3-1b8cfd811970" />
        <Output name="Output 15" id="e661aaf6-2b19-44ac-999c-73d3142746a3" />
        <Output name="Output 16" id="6c9b3a13-d1fc-4eaa-b367-2302834cdc1e" />
        <Output name="Output 17" id="9d7146a0-7e01-43f1-bd67-7850349078dc" />
        <Output name="Output 18" id="db352b8b-c163-43a3-941a-37789176e50d" />
        <Output name="Output 19" id="6e44be54-b4a0-4ed8-8b9a-1098ee8bd861" />
        <Output name="Output 20" id="9fca1c70-ad6c-433e-8c4f-d0b6e4c8c720" />
        <Output name="Output 21" id="4fc9baeb-6d89-42c2-9843-f1220c15f044" />
        <Output name="Output 22" id="2d7f51af-709e-4c5a-ab13-ab99817fc27c" />
        <Output name="Output 23" id="d2b4c6ba-9a55-4842-abc6-65bb5a3a0243" />
        <Output name="Output 24" id="85c75713-2e72-4a27-90c5-f9f88ed8be0e" />
        <Output name="Output 25" id="ed945205-b004-4784-9052-05b419438400" />
        <Output name="Output 26" id="54ecc6c1-95b4-452a-8225-ee2d304cd037" />
        <Output name="Output 27" id="5d86c8a0-c2b8-4716-b6da-7e332883a771" />
        <Output name="Output 28" id="f18369d8-1399-4c90-b85c-da20dc827173" />
        <Output name="Output 29" id="0e141d2b-dde5-4964-8b34-28dbae0cf2b0" />
        <Output name="Output 30" id="9b0baf3d-62ed-4d21-8e12-cb3ab0779a9d" />
        <Output name="Output 31" id="c0fa2393-55e5-407d-926e-1f14d3928461" />
        <Output name="Output 32" id="fea548d6-7284-47e2-b5dd-90c640ed4196" />
        <Output name="Output 33" id="43b50a5d-e8be-4670-a745-2507185a1599" />
        <Output name="Output 34" id="2bd02072-851d-47fd-8349-05febe620168" />
        <Output name="Output 35" id="7937dc58-e752-4918-829b-9a510374e0ab" />
        <Output name="Output 36" id="b5263da5-1cf4-44b4-890d-c9aba06df494" />
        <Output name="Output 37" id="62dcba8a-4280-4518-972c-1bebd88919fc" />
        <Output name="Output 38" id="7872f600-fd99-4471-9598-6cedfb587d43" />
        <Output name="Output 39" id="ff334c03-de54-4fc5-8bb6-50fb0718dc6b" />
        <Output name="Output 40" id="2534d1d7-1c30-436e-b960-ec0cb2d5c885" />
        <Output name="Output 41" id="f882c47e-a792-4508-ae24-3d70d89860ab" />
        <Output name="Output 42" id="6689d601-c01f-447f-8eee-31d2f345f0c6" />
        <Output name="Output 43" id="00f6d374-02c8-4987-b9f8-6e256232f412" />
        <Output name="Output 44" id="018a25ab-7e7c-413d-8751-8aabef798567" />
        <Output name="Output 45" id="4567cb94-7e28-413e-8169-09f777a06cee" />
        <Output name="Output 46" id="a026893c-411d-4d89-819b-18f23e2db488" />
        <Output name="Output 47" id="ab566f76-a784-48a8-80ee-abd05c793f22" />
        <Output name="Output 48" id="3d8390c7-a3f0-4dc0-a986-ea3dc7309d83" />
        <Output name="Output 49" id="b469a97f-b82b-4c22-8dbe-8b609934f5f2" />
        <Output name="Output 50" id="ae21a60f-7faa-45ad-8a00-ed85607ed13d" />
        <Output name="Output 51" id="f1da582a-b648-449f-9c04-47a70ae77fcc" />
        <Output name="Output 52" id="9dd0b94f-5e3e-43a3-916f-f4e36cfd5300" />
        <Output name="Output 53" id="27e2d4bf-fadc-4cf6-8e07-dc8cd5586f81" />
        <Output name="Output 54" id="0e1e4731-d931-4357-bcb1-9756829a0e50" />
        <Output name="Output 55" id="c127d9f6-32ce-48ab-82fa-118e1c89737d" />
        <Output name="Output 56" id="1a96b4bf-48e7-4e21-ad0f-f9457490252d" />
        <Output name="Output 57" id="88389dfc-0119-4983-bc45-34e49a8f231a" />
        <Output name="Output 58" id="7164d5ac-5e9c-4104-aaf4-adc6b9c38aed" />
        <Output name="Output 59" id="33dd0bde-e9ce-4c26-bf69-70326ce5a25c" />
        <Output name="Output 60" id="22e4c131-7a95-41f4-9be6-d601180b4919" />
        <Output name="Output 61" id="490d75b8-5eab-4475-bfaf-8dd6bc07921e" />
        <Output name="Output 62" id="f998f43b-f201-4cf0-b54c-670a2e772d11" />
        <Output name="Output 63" id="fb69af6e-ce3b-45ce-ab29-78d5c4704646" />
        <Output name="Output 64" id="8edda19e-8b9b-49fd-bdd5-7e1ff49b0926" />
        <Output name="Output 65" id="a41cd293-310b-4a25-839d-98e7ad237eaa" />
        <Output name="Output 66" id="b8cd8201-7521-404f-9790-c600f2a6fe9e" />
        <Output name="Output 67" id="cf866f7c-7898-440d-9471-c0ea759a8559" />
        <Output name="Output 68" id="d7bd2944-57fb-4d4b-b1eb-69fcd1aaab4d" />
        <Output name="Output 69" id="7ab3a2f1-91a1-4638-b7fa-89b2f335049e" />
        <Output name="Output 70" id="9b802272-c770-4391-83b2-ac5b175cf09b" />
        <Output name="Output 71" id="2d81bc86-3e4a-4e9e-8b42-7729163d808c" />
        <Output name="Output 72" id="15325ffb-3b31-4019-817f-819dc43c20f1" />
        <Output name="Output 73" id="937c8e90-80c6-4c84-866d-07bd93f4b0af" />
        <Output name="Output 74" id="9cf62595-6a65-406e-8450-f50c66170826" />
        <Output name="Output 75" id="f0ce2130-100a-4a5a-8ee8-d23332e00eb8" />
        <Output name="Output 76" id="e8644d31-2bdf-4f9d-8123-bddbc282ac43" />
        <Output name="Output 77" id="15005336-709d-457f-8f75-87203cc24d26" />
        <Output name="Output 78" id="692590ae-570b-4071-a208-8f8a9addd124" />
        <Output name="Output 79" id="eb6a07fd-a514-49ec-8df1-d178e0c8d778" />
        <Output name="Output 80" id="a8776cc3-d331-4963-a275-5da70ecffdc9" />
      </Outputs>
    </Controller>
    <Controller name="DMX Open" hardwareId="7911568a-8eda-4d1d-9e72-be41d7a843e4" hardwareInstanceId="7852a658-af07-4819-b6f5-078ba6b84e9b" id="e3faf350-4245-438b-ab36-2e1d6b0eca51">
      <Outputs>
        <Output name="Output 1" id="e5166a9b-86c4-4c22-97cb-8bf982631210" />
        <Output name="Output 2" id="120eb6eb-09d4-486e-989a-5f5c57ea6b68" />
        <Output name="Output 3" id="3aa02a49-810d-4da1-8b91-0b24407041e5" />
        <Output name="Output 4" id="596bc214-f74e-42a9-bfc8-e287c248f944" />
        <Output name="Output 5" id="0aeb5390-e35c-4a2e-82b9-becac44bcaa9" />
        <Output name="Output 6" id="ce64f92f-3cc5-4085-b6a1-c0233ed3bb9d" />
        <Output name="Output 7" id="fc7bc46a-26e0-42fb-a58c-51ac0bd46025" />
        <Output name="Output 8" id="0363bcd4-48bc-46e4-915d-d412048eb66e" />
        <Output name="Output 9" id="59d6ddf6-cf79-4a7e-8bc0-5fbc2c3bfa6e" />
        <Output name="Output 10" id="26a3898e-6327-4358-8f51-1811f70b48f3" />
        <Output name="Output 11" id="0fdbcf49-c52b-4857-bc8c-e3f2ea6ece83" />
        <Output name="Output 12" id="379fd6d3-62b9-4c26-b9ed-9e443363e19d" />
        <Output name="Output 13" id="f734d376-4975-4259-bd14-bbf60e5c9fd0" />
        <Output name="Output 14" id="5eaa99cd-e4bc-432e-9f01-ff1e516d7cec" />
      </Outputs>
    </Controller>
    <Controller name="Streaming ACN (E1.31)" hardwareId="771d7eba-662a-48d5-aedb-445c8708e878" hardwareInstanceId="e4ae95ef-26cf-4de2-bb80-e2b08b16225a" id="7838f3ad-ecc2-4a8a-a3b0-32245d1b71da">
      <Outputs>
        <Output name="#1 1-1: 127.0.0.1" id="2eeed7e6-e751-46b4-b61c-e1041ed3c371" />
        <Output name="#2 1-2: 127.0.0.1" id="5bc228be-0926-4c73-a131-a9a604c469b4" />
        <Output name="#3 1-3: 127.0.0.1" id="853392ef-dfcf-4b6b-a140-9266792097d9" />
        <Output name="#4 1-4: 127.0.0.1" id="eb28e2a7-8d4c-448b-a833-23ba473ab8f5" />
        <Output name="#5 1-5: 127.0.0.1" id="06a1943f-2503-4b41-aee1-7d7b5d268c95" />
        <Output name="#6 1-6: 127.0.0.1" id="847fc753-fb08-442b-b577-d303c0ca1ce5" />
        <Output name="#7 1-7: 127.0.0.1" id="3d251959-8085-4d59-a114-cddb941e15d6" />
        <Output name="#8 1-8: 127.0.0.1" id="af425395-24d2-4958-a8a6-06bfa7c1ba1c" />
        <Output name="#9 1-9: 127.0.0.1" id="f7b3fe39-e39a-4fdc-8ee9-f0d671ee3695" />
        <Output name="#10 1-10: 127.0.0.1" id="8c58cb18-7599-4197-a5f4-6f7a2ea62b9c" />
        <Output name="#11 1-11: 127.0.0.1" id="b425a432-e12a-42b7-8753-a33924075056" />
        <Output name="#12 1-12: 127.0.0.1" id="e5b0b1ae-75c9-4759-a9a5-0acf75a5858f" />
        <Output name="#13 1-13: 127.0.0.1" id="909a95ce-6d16-45dc-a944-f3620daa31e6" />
        <Output name="#14 1-14: 127.0.0.1" id="37a57aa0-db5c-45c7-b637-bd794caf3f75" />
        <Output name="#15 1-15: 127.0.0.1" id="db5cd0a1-d0da-4d7a-8cae-8eb22093c86b" />
        <Output name="#16 1-16: 127.0.0.1" id="3424baa8-1b21-4588-9379-807652538830" />
        <Output name="#17 1-17: 127.0.0.1" id="3e08faeb-b37e-43a0-8a9a-efe68256734d" />
        <Output name="#18 1-18: 127.0.0.1" id="fbd6836d-72c5-4306-8a41-a555fbb71e17" />
        <Output name="#19 1-19: 127.0.0.1" id="a0218b08-3e05-46dc-86ee-a28c2c39a0c1" />
        <Output name="#20 1-20: 127.0.0.1" id="db1746a0-4986-40b1-88a5-43041f8adbae" />
        <Output name="#21 1-21: 127.0.0.1" id="7d1f3a41-a34a-4953-af93-7a825cb8b5d8" />
        <Output name="#22 1-22: 127.0.0.1" id="1ae989a3-56a8-46fa-aa44-8532ee6fd653" />
        <Output name="#23 1-23: 127.0.0.1" id="7facdf3a-6a1e-4bf4-9fd2-d14f826b0036" />
        <Output name="#24 1-24: 127.0.0.1" id="a93baed1-9d4a-4b64-b0aa-d369ae431ff6" />
        <Output name="#25 1-25: 127.0.0.1" id="ba939599-4ed3-4a10-9f06-4599661dc491" />
        <Output name="#26 1-26: 127.0.0.1" id="9ed03c4d-ed72-4f74-9f74-da1091b6ff04" />
        <Output name="#27 1-27: 127.0.0.1" id="aa718e4f-0eff-42ea-b2af-000d44020a13" />
        <Output name="#28 1-28: 127.0.0.1" id="531518df-0af4-4038-95c5-f2466fbdb258" />
        <Output name="#29 1-29: 127.0.0.1" id="bcd26180-6e82-4b29-9ab3-b6d7043afafc" />
        <Output name="#30 1-30: 127.0.0.1" id="27068d3a-29bb-4168-a2d1-4eb7d992b5d8" />
        <Output name="#31 1-31: 127.0.0.1" id="ac7d36dd-b88c-4ef2-9401-0b63f1fc1b4d" />
        <Output name="#32 1-32: 127.0.0.1" id="59ee0b8f-22ff-4398-99b7-044abb086bf0" />
        <Output name="#33 1-33: 127.0.0.1" id="b95d3d92-5e2f-4d20-9921-d8c2aabf2f34" />
        <Output name="#34 1-34: 127.0.0.1" id="8bed1363-1cdd-4cd3-8ba3-fcdbcdfcdecd" />
        <Output name="#35 1-35: 127.0.0.1" id="11186431-60e3-412e-9ffc-597a52c14ade" />
        <Output name="#36 1-36: 127.0.0.1" id="ae6a765d-9528-47c0-8baa-cb33cfbfc20d" />
        <Output name="#37 1-37: 127.0.0.1" id="73903b2a-fa90-4b90-917f-37133abc43f2" />
        <Output name="#38 1-38: 127.0.0.1" id="71756191-f19e-4d05-b61d-75e7f1de2db9" />
        <Output name="#39 1-39: 127.0.0.1" id="b250b793-9021-4c40-8ce6-c101c8a4138f" />
        <Output name="#40 1-40: 127.0.0.1" id="55c21c51-899a-4fa5-a6b5-35a28475b9fb" />
        <Output name="#41 1-41: 127.0.0.1" id="8b1938ce-f784-42a6-96cb-b3c05259b27e" />
        <Output name="#42 1-42: 127.0.0.1" id="a77a90ee-25ff-46d2-b680-07d475b4acba" />
        <Output name="#43 1-43: 127.0.0.1" id="47d910b3-eb6c-476b-bb52-9f58183040de" />
        <Output name="#44 1-44: 127.0.0.1" id="0e0667f2-6305-47d0-90f8-e465f381ab9f" />
        <Output name="#45 1-45: 127.0.0.1" id="6f97707b-aa9a-407e-9414-71fa418482a5" />
        <Output name="#46 1-46: 127.0.0.1" id="87f9d65c-064d-4cf5-a212-a75824e6be94" />
        <Output name="#47 1-47: 127.0.0.1" id="fab74a05-8ac8-4faf-803b-522c6b35f78a" />
        <Output name="#48 1-48: 127.0.0.1" id="63f6673e-630f-47aa-8bcc-b23ffb92b659" />
        <Output name="#49 1-49: 127.0.0.1" id="afd2eea5-6d50-4084-8f18-c9459ecab2f7" />
        <Output name="#50 1-50: 127.0.0.1" id="a50a75ae-cf10-4916-b050-69fa73901876" />
        <Output name="#51 1-51: 127.0.0.1" id="54f9c318-1134-408b-aa97-d847f9518b54" />
        <Output name="#52 1-52: 127.0.0.1" id="1c38e906-9264-444f-be3e-5dc51eaa952b" />
        <Output name="#53 1-53: 127.0.0.1" id="be41e5fe-08ca-4382-b082-bc2051c9284b" />
        <Output name="#54 1-54: 127.0.0.1" id="2bf8cadd-3ba6-45ac-aa29-54a33090ad5f" />
        <Output name="#55 1-55: 127.0.0.1" id="e8e09128-a916-4d14-ae5c-9d260ac3f5bc" />
        <Output name="#56 1-56: 127.0.0.1" id="c9d9b72e-7aed-4b94-b276-02c2ebf7a4a9" />
        <Output name="#57 1-57: 127.0.0.1" id="4761da2a-f848-4809-ad38-5f15f01db50c" />
        <Output name="#58 1-58: 127.0.0.1" id="4a8579aa-2dc5-4672-b8ab-7744ac449883" />
        <Output name="#59 1-59: 127.0.0.1" id="19e95c19-9c81-4150-80b5-817774ba4f8c" />
        <Output name="#60 1-60: 127.0.0.1" id="0b4dcd4f-2eb8-40b5-a6a0-c35f4eb20be3" />
        <Output name="#61 1-61: 127.0.0.1" id="e06f0b65-3f61-429a-99ea-3aeef69013f9" />
        <Output name="#62 1-62: 127.0.0.1" id="813f6e99-f9b6-460b-8b6c-99a95f9ee567" />
        <Output name="#63 1-63: 127.0.0.1" id="0bce5a89-4e21-413f-a4dd-aaeecc856a47" />
        <Output name="#64 1-64: 127.0.0.1" id="2a2c82fa-2ab8-4bb2-ab68-691a05a79985" />
        <Output name="#65 1-65: 127.0.0.1" id="8d998247-5f18-4949-9830-b9ac19558f37" />
        <Output name="#66 1-66: 127.0.0.1" id="b9f4570f-5ed3-4c2f-b9af-20de0958f152" />
        <Output name="#67 1-67: 127.0.0.1" id="dc0f6c0a-19f5-4981-9002-6e76a18bce7c" />
        <Output name="#68 1-68: 127.0.0.1" id="f6bd7f6d-fc5d-4a57-aea9-366f3472a7de" />
        <Output name="#69 1-69: 127.0.0.1" id="7cd23b44-00a1-482b-96a4-0b164c6b0f1a" />
        <Output name="#70 1-70: 127.0.0.1" id="f3fba506-2156-435d-8c95-12f843a1d6c2" />
        <Output name="#71 1-71: 127.0.0.1" id="c4aed194-44f2-4f0b-a103-07643c23f2b6" />
        <Output name="#72 1-72: 127.0.0.1" id="63d7eaf1-0b38-4a63-84f8-4138a014c9e3" />
        <Output name="#73 1-73: 127.0.0.1" id="961b4c66-05e2-4488-92ea-e76055ad6de1" />
        <Output name="#74 1-74: 127.0.0.1" id="60593bd2-9b3e-40d2-8874-33f6495f2828" />
        <Output name="#75 1-75: 127.0.0.1" id="e0c41cf1-4047-4f01-a561-f923ed223a69" />
        <Output name="#76 1-76: 127.0.0.1" id="14b6db62-e684-43e1-a7a1-7a8b72af018a" />
        <Output name="#77 1-77: 127.0.0.1" id="a6c47137-f718-4611-898b-331ef5bdfa71" />
        <Output name="#78 1-78: 127.0.0.1" id="8d12b393-7932-4f0f-8cb6-096a991861c0" />
        <Output name="#79 1-79: 127.0.0.1" id="a87a2d72-f059-4bd8-8330-abf5bd271e0f" />
        <Output name="#80 1-80: 127.0.0.1" id="c5e8c612-5747-4055-ab1b-987b41d0c8d9" />
      </Outputs>
    </Controller>
  </Controllers>
  <Previews>
    <Preview name="Vixen Display Preview" typeId="f43c31bc-cfcd-4dbc-adb7-d349c9ec623d" instanceId="5bafc0aa-9c15-4e1d-9a0e-bb1163a98450" />
  </Previews>
  <Filters>
    <FilterNode typeId="2e40d6b1-43d2-4668-b63a-c600fadd7dd5" instanceId="a1217b1b-e59f-433a-af7f-e58809bdd07a" />
    <FilterNode typeId="2e40d6b1-43d2-4668-b63a-c600fadd7dd5" instanceId="ddc39adc-f70a-4f24-a284-436fd5e7fce5" />
    <FilterNode typeId="ab38a16f-0de1-4f6e-a8c0-ae5b20d347e0" instanceId="2c2f9eba-7629-404c-b6d9-b99bf79fbd6a" />
    <FilterNode typeId="ab38a16f-0de1-4f6e-a8c0-ae5b20d347e0" instanceId="227637e2-4965-4995-a63a-9c08d6977079" />
    <FilterNode typeId="2e40d6b1-43d2-4668-b63a-c600fadd7dd5" instanceId="d995ea91-9b9e-479a-bfb0-2efb6d3e414c" />
    <FilterNode typeId="2e40d6b1-43d2-4668-b63a-c600fadd7dd5" instanceId="a834c91b-c62d-4297-b347-5e96f04d225a" />
    <FilterNode typeId="2e40d6b1-43d2-4668-b63a-c600fadd7dd5" instanceId="e62a0ef4-0705-4d8d-b306-fa4d261a3e6a" />
    <FilterNode typeId="2e40d6b1-43d2-4668-b63a-c600fadd7dd5" instanceId="c48fe80b-b9fa-49bb-9061-7ff00b3dad96" />
    <FilterNode typeId="2e40d6b1-43d2-4668-b63a-c600fadd7dd5" instanceId="a47b7391-801f-4297-8c3a-e963182b573f" />
    <FilterNode typeId="2e40d6b1-43d2-4668-b63a-c600fadd7dd5" instanceId="d14a7d61-a451-4fcb-b922-f8bfc1b29614" />
    <FilterNode typeId="2e40d6b1-43d2-4668-b63a-c600fadd7dd5" instanceId="d4176625-ef9a-4011-b5f5-7be62b2bbd26" />
    <FilterNode typeId="ab38a16f-0de1-4f6e-a8c0-ae5b20d347e0" instanceId="cb896568-94c5-4e06-b06f-3519190a4e2c" />
    <FilterNode typeId="ab38a16f-0de1-4f6e-a8c0-ae5b20d347e0" instanceId="908d5d48-f5a0-486e-9199-7b1a27892bec" />
    <FilterNode typeId="ab38a16f-0de1-4f6e-a8c0-ae5b20d347e0" instanceId="67d88689-1dc5-48a0-b0e1-90413640f080" />
    <FilterNode typeId="ab38a16f-0de1-4f6e-a8c0-ae5b20d347e0" instanceId="34a3f5d1-cadc-494d-b4b5-5fa407b94537" />
    <FilterNode typeId="ab38a16f-0de1-4f6e-a8c0-ae5b20d347e0" instanceId="856b590d-f772-48b8-bdd3-3e1fb53c1231" />
    <FilterNode typeId="ab38a16f-0de1-4f6e-a8c0-ae5b20d347e0" instanceId="86760fb8-a505-4c70-bdcd-0f1118d9c9b7" />
    <FilterNode typeId="ab38a16f-0de1-4f6e-a8c0-ae5b20d347e0" instanceId="5ab34349-3dd0-47b2-bd1f-bc59bbf6f162" />
    <FilterNode typeId="2e40d6b1-43d2-4668-b63a-c600fadd7dd5" instanceId="c365906e-be81-48e5-86a6-daee7cf4592c" />
    <FilterNode typeId="2e40d6b1-43d2-4668-b63a-c600fadd7dd5" instanceId="ac019d0d-de82-4a6a-bcb2-4349ecd2569f" />
    <FilterNode typeId="2e40d6b1-43d2-4668-b63a-c600fadd7dd5" instanceId="13c85bea-8679-4719-a0ad-9e7084961b4a" />
    <FilterNode typeId="ab38a16f-0de1-4f6e-a8c0-ae5b20d347e0" instanceId="203c9ccc-4c18-435d-952b-6f2dac5a3987" />
    <FilterNode typeId="ab38a16f-0de1-4f6e-a8c0-ae5b20d347e0" instanceId="53c763be-0e7e-48af-894b-a4dbc84d9fe0" />
    <FilterNode typeId="ab38a16f-0de1-4f6e-a8c0-ae5b20d347e0" instanceId="fb198928-a532-439d-8b95-e81aeb9152b1" />
    <FilterNode typeId="2e40d6b1-43d2-4668-b63a-c600fadd7dd5" instanceId="61a689b8-7736-4b55-a2c9-cb9fc3a8685b" />
    <FilterNode typeId="2e40d6b1-43d2-4668-b63a-c600fadd7dd5" instanceId="4597682c-12fd-4c5f-b45b-a5a78176197e" />
    <FilterNode typeId="ab38a16f-0de1-4f6e-a8c0-ae5b20d347e0" instanceId="1f325925-5ae9-48df-b82f-2fe6cdad1c7e" />
    <FilterNode typeId="ab38a16f-0de1-4f6e-a8c0-ae5b20d347e0" instanceId="f0bbece6-8057-4204-900b-7a0a11307660" />
    <FilterNode typeId="2e40d6b1-43d2-4668-b63a-c600fadd7dd5" instanceId="d62f58e9-f3d3-4c3c-87ba-29e839dc4cca" />
    <FilterNode typeId="2e40d6b1-43d2-4668-b63a-c600fadd7dd5" instanceId="db776a84-3262-47e0-a3fe-a0c189065f27" />
    <FilterNode typeId="ab38a16f-0de1-4f6e-a8c0-ae5b20d347e0" instanceId="56fbb66a-7e61-4a42-831e-f682abb83772" />
    <FilterNode typeId="ab38a16f-0de1-4f6e-a8c0-ae5b20d347e0" instanceId="d6f791cf-9ff4-4372-8aa0-99e08e2a317e" />
    <FilterNode typeId="2e40d6b1-43d2-4668-b63a-c600fadd7dd5" instanceId="5e1028e1-c39f-4034-895e-b0148edb3776" />
    <FilterNode typeId="2e40d6b1-43d2-4668-b63a-c600fadd7dd5" instanceId="0482db90-0ec9-4e9c-a3e1-36107d7477b7" />
    <FilterNode typeId="ab38a16f-0de1-4f6e-a8c0-ae5b20d347e0" instanceId="407cdb75-7462-4e87-a373-fb5629cbcc34" />
    <FilterNode typeId="ab38a16f-0de1-4f6e-a8c0-ae5b20d347e0" instanceId="4f786578-255c-4c8c-af84-b2cb8f93b226" />
    <FilterNode typeId="2e40d6b1-43d2-4668-b63a-c600fadd7dd5" instanceId="32b65acd-cff9-46e6-9f9b-30f8c50d5481" />
    <FilterNode typeId="2e40d6b1-43d2-4668-b63a-c600fadd7dd5" instanceId="30355127-2f62-4917-879c-f8e30ea8587d" />
    <FilterNode typeId="2e40d6b1-43d2-4668-b63a-c600fadd7dd5" instanceId="1e1f8ddf-521f-405f-bab4-8aca03f57fcb" />
    <FilterNode typeId="2e40d6b1-43d2-4668-b63a-c600fadd7dd5" instanceId="2e473931-2110-41ea-aa79-2e033a7b4053" />
    <FilterNode typeId="2e40d6b1-43d2-4668-b63a-c600fadd7dd5" instanceId="092de9b7-2f52-4f51-8510-1991adaf316e" />
    <FilterNode typeId="ab38a16f-0de1-4f6e-a8c0-ae5b20d347e0" instanceId="a7ace44b-1b7d-4714-95a6-739b89460a4a" />
    <FilterNode typeId="ab38a16f-0de1-4f6e-a8c0-ae5b20d347e0" instanceId="72e32efd-5512-4751-b68f-bb3468210e68" />
    <FilterNode typeId="ab38a16f-0de1-4f6e-a8c0-ae5b20d347e0" instanceId="1270874d-e299-40e3-b542-84fbead087e2" />
    <FilterNode typeId="ab38a16f-0de1-4f6e-a8c0-ae5b20d347e0" instanceId="7260b97c-8534-4a01-b349-649cf499e5c5" />
    <FilterNode typeId="ab38a16f-0de1-4f6e-a8c0-ae5b20d347e0" instanceId="f847a240-8bab-4f63-8b12-afb2671d2162" />
    <FilterNode typeId="2e40d6b1-43d2-4668-b63a-c600fadd7dd5" instanceId="96d1781b-3d69-4172-a61a-7d42fb0bcf94" />
    <FilterNode typeId="ab38a16f-0de1-4f6e-a8c0-ae5b20d347e0" instanceId="42d3d6fc-4808-481a-bd5f-4833c0ffbbbf" />
    <FilterNode typeId="ab38a16f-0de1-4f6e-a8c0-ae5b20d347e0" instanceId="b9d19d1e-7c6f-4bb4-9706-8af301319ed4" />
    <FilterNode typeId="ab38a16f-0de1-4f6e-a8c0-ae5b20d347e0" instanceId="4d339d96-2527-440f-9b14-3d6234f1729e" />
    <FilterNode typeId="ab38a16f-0de1-4f6e-a8c0-ae5b20d347e0" instanceId="7a9ef158-a2e0-4652-ae0f-2222dd5cc616" />
    <FilterNode typeId="ab38a16f-0de1-4f6e-a8c0-ae5b20d347e0" instanceId="201c096d-f6c2-46cd-84a7-6e7b85a677ff" />
    <FilterNode typeId="ab38a16f-0de1-4f6e-a8c0-ae5b20d347e0" instanceId="88492483-1f55-4890-8e21-5eeeb4b5fecc" />
    <FilterNode typeId="ab38a16f-0de1-4f6e-a8c0-ae5b20d347e0" instanceId="657d51c1-6922-4f0b-82bf-0eeb273b8c69" />
    <FilterNode typeId="ab38a16f-0de1-4f6e-a8c0-ae5b20d347e0" instanceId="690471f2-ff5a-4f89-b6d1-d0d28cd07807" />
    <FilterNode typeId="ab38a16f-0de1-4f6e-a8c0-ae5b20d347e0" instanceId="977fff64-6abc-4849-9609-83b87c609593" />
    <FilterNode typeId="2e40d6b1-43d2-4668-b63a-c600fadd7dd5" instanceId="5f434f08-a365-4a44-819d-45d98ae186fd" />
    <FilterNode typeId="ab38a16f-0de1-4f6e-a8c0-ae5b20d347e0" instanceId="e8065531-89dc-4e05-9f92-626b89126b45" />
    <FilterNode typeId="ab38a16f-0de1-4f6e-a8c0-ae5b20d347e0" instanceId="d7c44971-0b69-4232-af94-72fc8d6dc8c7" />
    <FilterNode typeId="ab38a16f-0de1-4f6e-a8c0-ae5b20d347e0" instanceId="e1537139-f1ad-42cc-a96e-a725b28948c2" />
    <FilterNode typeId="ab38a16f-0de1-4f6e-a8c0-ae5b20d347e0" instanceId="73d1246b-9e64-44bc-b771-aed708d73c59" />
    <FilterNode typeId="ab38a16f-0de1-4f6e-a8c0-ae5b20d347e0" instanceId="352e399a-2197-4c9e-871d-5639959af76d" />
  </Filters>
  <Patches>
    <Patch componentId="d4176625-ef9a-4011-b5f5-7be62b2bbd26" sourceId="8d2e712f-0e0c-4ea1-be4a-15b8684a9f8c" output="0" />
    <Patch componentId="d14a7d61-a451-4fcb-b922-f8bfc1b29614" sourceId="b8183ded-04ef-4f4a-9eda-a5ffe32ff6c3" output="0" />
    <Patch componentId="a47b7391-801f-4297-8c3a-e963182b573f" sourceId="cce563b0-514f-48a2-8f18-4c0523484c41" output="0" />
    <Patch componentId="c48fe80b-b9fa-49bb-9061-7ff00b3dad96" sourceId="5ad9e966-e262-4e43-8d03-411697bcac98" output="0" />
    <Patch componentId="e62a0ef4-0705-4d8d-b306-fa4d261a3e6a" sourceId="d870ab49-97e9-4d11-a286-e9426e4e6c9d" output="0" />
    <Patch componentId="a834c91b-c62d-4297-b347-5e96f04d225a" sourceId="892f2dad-ad9a-4ac4-bdc9-02ea3ee282c1" output="0" />
    <Patch componentId="d995ea91-9b9e-479a-bfb0-2efb6d3e414c" sourceId="36e60f17-705a-45bd-94bd-6b1947976211" output="0" />
    <Patch componentId="a1217b1b-e59f-433a-af7f-e58809bdd07a" sourceId="c9187cf2-6d8a-4799-a830-9dbd1cb92906" output="0" />
    <Patch componentId="ddc39adc-f70a-4f24-a284-436fd5e7fce5" sourceId="62e123a5-e6bf-4d76-ab42-8ab549be0c78" output="0" />
    <Patch componentId="c365906e-be81-48e5-86a6-daee7cf4592c" sourceId="e78bc3ee-7897-41e8-86e7-928bb9be7943" output="0" />
    <Patch componentId="ac019d0d-de82-4a6a-bcb2-4349ecd2569f" sourceId="08524dfa-eff3-42ef-93a7-1ddadc226806" output="0" />
    <Patch componentId="13c85bea-8679-4719-a0ad-9e7084961b4a" sourceId="0269480e-0e14-438b-af87-9aed4f83fa97" output="0" />
    <Patch componentId="61a689b8-7736-4b55-a2c9-cb9fc3a8685b" sourceId="5ae35536-eb36-43ac-88f6-fd3be75773c5" output="0" />
    <Patch componentId="4597682c-12fd-4c5f-b45b-a5a78176197e" sourceId="19362936-c28a-4f95-a573-9be6a9051d14" output="0" />
    <Patch componentId="d62f58e9-f3d3-4c3c-87ba-29e839dc4cca" sourceId="b933a4c1-81c8-46a8-91dc-460240a5c57d" output="0" />
    <Patch componentId="db776a84-3262-47e0-a3fe-a0c189065f27" sourceId="8c9e852a-175d-42ad-881b-ca0d6375c3b0" output="0" />
    <Patch componentId="5e1028e1-c39f-4034-895e-b0148edb3776" sourceId="bcb775a6-7482-4919-b897-66f92cee788c" output="0" />
    <Patch componentId="0482db90-0ec9-4e9c-a3e1-36107d7477b7" sourceId="f78495a6-6de1-4201-b2e4-ece2fda6a15f" output="0" />
    <Patch componentId="32b65acd-cff9-46e6-9f9b-30f8c50d5481" sourceId="e9591b50-16a3-4da1-bf12-c5696d046dc1" output="0" />
    <Patch componentId="30355127-2f62-4917-879c-f8e30ea8587d" sourceId="7d778a1b-c45a-4f9f-9743-fd943077b529" output="0" />
    <Patch componentId="1e1f8ddf-521f-405f-bab4-8aca03f57fcb" sourceId="25a00221-90e7-4649-a0b2-7d3e1d7a7af6" output="0" />
    <Patch componentId="2e473931-2110-41ea-aa79-2e033a7b4053" sourceId="b0367348-7324-49ae-9fe0-f3ba5f87ae93" output="0" />
    <Patch componentId="092de9b7-2f52-4f51-8510-1991adaf316e" sourceId="100aa98b-adc3-419d-b7c7-b2e75ba465a5" output="0" />
    <Patch componentId="96d1781b-3d69-4172-a61a-7d42fb0bcf94" sourceId="8816894e-56d0-40f0-969c-7814bd5c5b2f" output="0" />
    <Patch componentId="b9d19d1e-7c6f-4bb4-9706-8af301319ed4" sourceId="9f95a913-7368-431c-a030-7c45a535732a" output="0" />
    <Patch componentId="4d339d96-2527-440f-9b14-3d6234f1729e" sourceId="69c0a99f-2ae5-4aba-b277-8c71adade049" output="0" />
    <Patch componentId="7a9ef158-a2e0-4652-ae0f-2222dd5cc616" sourceId="ebc3b122-9eb8-4b0e-8dfa-5f05bda86b5c" output="0" />
    <Patch componentId="201c096d-f6c2-46cd-84a7-6e7b85a677ff" sourceId="7eda3dd5-8b7c-4d0b-b1ab-92186886b545" output="0" />
    <Patch componentId="88492483-1f55-4890-8e21-5eeeb4b5fecc" sourceId="50142af4-484c-484e-abfa-fe3842098541" output="0" />
    <Patch componentId="657d51c1-6922-4f0b-82bf-0eeb273b8c69" sourceId="69315a89-28fd-4bcb-ae8e-96a376985b54" output="0" />
    <Patch componentId="690471f2-ff5a-4f89-b6d1-d0d28cd07807" sourceId="54af8e97-a2b4-4a86-ace9-177d2fba5c5d" output="0" />
    <Patch componentId="977fff64-6abc-4849-9609-83b87c609593" sourceId="a300f39c-6937-4eef-9c39-13fc7f78ceb7" output="0" />
    <Patch componentId="5f434f08-a365-4a44-819d-45d98ae186fd" sourceId="3ea877da-d44d-47af-888a-bc93aefeafb4" output="0" />
    <Patch componentId="e1537139-f1ad-42cc-a96e-a725b28948c2" sourceId="2c6aafd4-6a21-4796-84b7-dde5c1959b39" output="0" />
    <Patch componentId="d7c44971-0b69-4232-af94-72fc8d6dc8c7" sourceId="ab0c1569-7f03-42eb-b807-3a21c6a37faa" output="0" />
    <Patch componentId="73d1246b-9e64-44bc-b771-aed708d73c59" sourceId="27140520-5b5e-4a39-a544-5bf1cd03b811" output="0" />
    <Patch componentId="352e399a-2197-4c9e-871d-5639959af76d" sourceId="30dc1dfd-4acb-4b2f-a91b-9932e6648e89" output="0" />
    <Patch componentId="2c2f9eba-7629-404c-b6d9-b99bf79fbd6a" sourceId="a1217b1b-e59f-433a-af7f-e58809bdd07a" output="0" />
    <Patch componentId="227637e2-4965-4995-a63a-9c08d6977079" sourceId="ddc39adc-f70a-4f24-a284-436fd5e7fce5" output="0" />
    <Patch componentId="a6afbd56-0ba5-4799-807b-1a291907cfb2" sourceId="2c2f9eba-7629-404c-b6d9-b99bf79fbd6a" output="0" />
    <Patch componentId="f1584314-b217-426e-8650-69e894dfa9f4" sourceId="2c2f9eba-7629-404c-b6d9-b99bf79fbd6a" output="1" />
    <Patch componentId="e2b0c217-2158-49c0-acde-d40ce22a19a5" sourceId="2c2f9eba-7629-404c-b6d9-b99bf79fbd6a" output="2" />
    <Patch componentId="2eeed7e6-e751-46b4-b61c-e1041ed3c371" sourceId="2c2f9eba-7629-404c-b6d9-b99bf79fbd6a" output="0" />
    <Patch componentId="5bc228be-0926-4c73-a131-a9a604c469b4" sourceId="2c2f9eba-7629-404c-b6d9-b99bf79fbd6a" output="1" />
    <Patch componentId="853392ef-dfcf-4b6b-a140-9266792097d9" sourceId="2c2f9eba-7629-404c-b6d9-b99bf79fbd6a" output="2" />
    <Patch componentId="8576e705-19fa-455f-865d-07eb6ac12bc7" sourceId="227637e2-4965-4995-a63a-9c08d6977079" output="0" />
    <Patch componentId="1476621c-3c76-4e05-a6c5-65332125de47" sourceId="227637e2-4965-4995-a63a-9c08d6977079" output="1" />
    <Patch componentId="d9af77a1-e050-44aa-83f9-98c93b4dc25e" sourceId="227637e2-4965-4995-a63a-9c08d6977079" output="2" />
    <Patch componentId="eb28e2a7-8d4c-448b-a833-23ba473ab8f5" sourceId="227637e2-4965-4995-a63a-9c08d6977079" output="0" />
    <Patch componentId="06a1943f-2503-4b41-aee1-7d7b5d268c95" sourceId="227637e2-4965-4995-a63a-9c08d6977079" output="1" />
    <Patch componentId="847fc753-fb08-442b-b577-d303c0ca1ce5" sourceId="227637e2-4965-4995-a63a-9c08d6977079" output="2" />
    <Patch componentId="cb896568-94c5-4e06-b06f-3519190a4e2c" sourceId="d995ea91-9b9e-479a-bfb0-2efb6d3e414c" output="0" />
    <Patch componentId="908d5d48-f5a0-486e-9199-7b1a27892bec" sourceId="a834c91b-c62d-4297-b347-5e96f04d225a" output="0" />
    <Patch componentId="67d88689-1dc5-48a0-b0e1-90413640f080" sourceId="e62a0ef4-0705-4d8d-b306-fa4d261a3e6a" output="0" />
    <Patch componentId="34a3f5d1-cadc-494d-b4b5-5fa407b94537" sourceId="c48fe80b-b9fa-49bb-9061-7ff00b3dad96" output="0" />
    <Patch componentId="856b590d-f772-48b8-bdd3-3e1fb53c1231" sourceId="a47b7391-801f-4297-8c3a-e963182b573f" output="0" />
    <Patch componentId="86760fb8-a505-4c70-bdcd-0f1118d9c9b7" sourceId="d14a7d61-a451-4fcb-b922-f8bfc1b29614" output="0" />
    <Patch componentId="5ab34349-3dd0-47b2-bd1f-bc59bbf6f162" sourceId="d4176625-ef9a-4011-b5f5-7be62b2bbd26" output="0" />
    <Patch componentId="78bf0a0d-84f5-45ac-8a51-3e2d558a91ee" sourceId="cb896568-94c5-4e06-b06f-3519190a4e2c" output="0" />
    <Patch componentId="d3900092-1366-402e-bd66-74527a4d8868" sourceId="cb896568-94c5-4e06-b06f-3519190a4e2c" output="1" />
    <Patch componentId="6436d4e2-1fc8-486c-a0bd-40b9df14c280" sourceId="cb896568-94c5-4e06-b06f-3519190a4e2c" output="2" />
    <Patch componentId="3d251959-8085-4d59-a114-cddb941e15d6" sourceId="cb896568-94c5-4e06-b06f-3519190a4e2c" output="0" />
    <Patch componentId="af425395-24d2-4958-a8a6-06bfa7c1ba1c" sourceId="cb896568-94c5-4e06-b06f-3519190a4e2c" output="1" />
    <Patch componentId="f7b3fe39-e39a-4fdc-8ee9-f0d671ee3695" sourceId="cb896568-94c5-4e06-b06f-3519190a4e2c" output="2" />
    <Patch componentId="fb3e838f-677d-491b-a6be-123ef73dada4" sourceId="908d5d48-f5a0-486e-9199-7b1a27892bec" output="0" />
    <Patch componentId="c20a0b40-23c9-4c48-88be-d051d84bf1ad" sourceId="908d5d48-f5a0-486e-9199-7b1a27892bec" output="1" />
    <Patch componentId="61f76e2a-6130-4208-be00-acb8d76a23ef" sourceId="908d5d48-f5a0-486e-9199-7b1a27892bec" output="2" />
    <Patch componentId="8c58cb18-7599-4197-a5f4-6f7a2ea62b9c" sourceId="908d5d48-f5a0-486e-9199-7b1a27892bec" output="0" />
    <Patch componentId="b425a432-e12a-42b7-8753-a33924075056" sourceId="908d5d48-f5a0-486e-9199-7b1a27892bec" output="1" />
    <Patch componentId="e5b0b1ae-75c9-4759-a9a5-0acf75a5858f" sourceId="908d5d48-f5a0-486e-9199-7b1a27892bec" output="2" />
    <Patch componentId="6ebd8d45-8cbd-423e-87a3-e8d92c5376a0" sourceId="67d88689-1dc5-48a0-b0e1-90413640f080" output="0" />
    <Patch componentId="5b023ed4-44f7-4eb2-bbd3-1b8cfd811970" sourceId="67d88689-1dc5-48a0-b0e1-90413640f080" output="1" />
    <Patch componentId="e661aaf6-2b19-44ac-999c-73d3142746a3" sourceId="67d88689-1dc5-48a0-b0e1-90413640f080" output="2" />
    <Patch componentId="909a95ce-6d16-45dc-a944-f3620daa31e6" sourceId="67d88689-1dc5-48a0-b0e1-90413640f080" output="0" />
    <Patch componentId="37a57aa0-db5c-45c7-b637-bd794caf3f75" sourceId="67d88689-1dc5-48a0-b0e1-90413640f080" output="1" />
    <Patch componentId="db5cd0a1-d0da-4d7a-8cae-8eb22093c86b" sourceId="67d88689-1dc5-48a0-b0e1-90413640f080" output="2" />
    <Patch componentId="6c9b3a13-d1fc-4eaa-b367-2302834cdc1e" sourceId="34a3f5d1-cadc-494d-b4b5-5fa407b94537" output="0" />
    <Patch componentId="9d7146a0-7e01-43f1-bd67-7850349078dc" sourceId="34a3f5d1-cadc-494d-b4b5-5fa407b94537" output="1" />
    <Patch componentId="db352b8b-c163-43a3-941a-37789176e50d" sourceId="34a3f5d1-cadc-494d-b4b5-5fa407b94537" output="2" />
    <Patch componentId="3424baa8-1b21-4588-9379-807652538830" sourceId="34a3f5d1-cadc-494d-b4b5-5fa407b94537" output="0" />
    <Patch componentId="3e08faeb-b37e-43a0-8a9a-efe68256734d" sourceId="34a3f5d1-cadc-494d-b4b5-5fa407b94537" output="1" />
    <Patch componentId="fbd6836d-72c5-4306-8a41-a555fbb71e17" sourceId="34a3f5d1-cadc-494d-b4b5-5fa407b94537" output="2" />
    <Patch componentId="6e44be54-b4a0-4ed8-8b9a-1098ee8bd861" sourceId="856b590d-f772-48b8-bdd3-3e1fb53c1231" output="0" />
    <Patch componentId="9fca1c70-ad6c-433e-8c4f-d0b6e4c8c720" sourceId="856b590d-f772-48b8-bdd3-3e1fb53c1231" output="1" />
    <Patch componentId="4fc9baeb-6d89-42c2-9843-f1220c15f044" sourceId="856b590d-f772-48b8-bdd3-3e1fb53c1231" output="2" />
    <Patch componentId="a0218b08-3e05-46dc-86ee-a28c2c39a0c1" sourceId="856b590d-f772-48b8-bdd3-3e1fb53c1231" output="0" />
    <Patch componentId="db1746a0-4986-40b1-88a5-43041f8adbae" sourceId="856b590d-f772-48b8-bdd3-3e1fb53c1231" output="1" />
    <Patch componentId="7d1f3a41-a34a-4953-af93-7a825cb8b5d8" sourceId="856b590d-f772-48b8-bdd3-3e1fb53c1231" output="2" />
    <Patch componentId="2d7f51af-709e-4c5a-ab13-ab99817fc27c" sourceId="86760fb8-a505-4c70-bdcd-0f1118d9c9b7" output="0" />
    <Patch componentId="d2b4c6ba-9a55-4842-abc6-65bb5a3a0243" sourceId="86760fb8-a505-4c70-bdcd-0f1118d9c9b7" output="1" />
    <Patch componentId="85c75713-2e72-4a27-90c5-f9f88ed8be0e" sourceId="86760fb8-a505-4c70-bdcd-0f1118d9c9b7" output="2" />
    <Patch componentId="1ae989a3-56a8-46fa-aa44-8532ee6fd653" sourceId="86760fb8-a505-4c70-bdcd-0f1118d9c9b7" output="0" />
    <Patch componentId="7facdf3a-6a1e-4bf4-9fd2-d14f826b0036" sourceId="86760fb8-a505-4c70-bdcd-0f1118d9c9b7" output="1" />
    <Patch componentId="a93baed1-9d4a-4b64-b0aa-d369ae431ff6" sourceId="86760fb8-a505-4c70-bdcd-0f1118d9c9b7" output="2" />
    <Patch componentId="ed945205-b004-4784-9052-05b419438400" sourceId="5ab34349-3dd0-47b2-bd1f-bc59bbf6f162" output="0" />
    <Patch componentId="54ecc6c1-95b4-452a-8225-ee2d304cd037" sourceId="5ab34349-3dd0-47b2-bd1f-bc59bbf6f162" output="1" />
    <Patch componentId="5d86c8a0-c2b8-4716-b6da-7e332883a771" sourceId="5ab34349-3dd0-47b2-bd1f-bc59bbf6f162" output="2" />
    <Patch componentId="ba939599-4ed3-4a10-9f06-4599661dc491" sourceId="5ab34349-3dd0-47b2-bd1f-bc59bbf6f162" output="0" />
    <Patch componentId="9ed03c4d-ed72-4f74-9f74-da1091b6ff04" sourceId="5ab34349-3dd0-47b2-bd1f-bc59bbf6f162" output="1" />
    <Patch componentId="aa718e4f-0eff-42ea-b2af-000d44020a13" sourceId="5ab34349-3dd0-47b2-bd1f-bc59bbf6f162" output="2" />
    <Patch componentId="203c9ccc-4c18-435d-952b-6f2dac5a3987" sourceId="c365906e-be81-48e5-86a6-daee7cf4592c" output="0" />
    <Patch componentId="53c763be-0e7e-48af-894b-a4dbc84d9fe0" sourceId="ac019d0d-de82-4a6a-bcb2-4349ecd2569f" output="0" />
    <Patch componentId="fb198928-a532-439d-8b95-e81aeb9152b1" sourceId="13c85bea-8679-4719-a0ad-9e7084961b4a" output="0" />
    <Patch componentId="f18369d8-1399-4c90-b85c-da20dc827173" sourceId="203c9ccc-4c18-435d-952b-6f2dac5a3987" output="0" />
    <Patch componentId="0e141d2b-dde5-4964-8b34-28dbae0cf2b0" sourceId="203c9ccc-4c18-435d-952b-6f2dac5a3987" output="1" />
    <Patch componentId="9b0baf3d-62ed-4d21-8e12-cb3ab0779a9d" sourceId="203c9ccc-4c18-435d-952b-6f2dac5a3987" output="2" />
    <Patch componentId="531518df-0af4-4038-95c5-f2466fbdb258" sourceId="203c9ccc-4c18-435d-952b-6f2dac5a3987" output="0" />
    <Patch componentId="bcd26180-6e82-4b29-9ab3-b6d7043afafc" sourceId="203c9ccc-4c18-435d-952b-6f2dac5a3987" output="1" />
    <Patch componentId="27068d3a-29bb-4168-a2d1-4eb7d992b5d8" sourceId="203c9ccc-4c18-435d-952b-6f2dac5a3987" output="2" />
    <Patch componentId="c0fa2393-55e5-407d-926e-1f14d3928461" sourceId="53c763be-0e7e-48af-894b-a4dbc84d9fe0" output="0" />
    <Patch componentId="fea548d6-7284-47e2-b5dd-90c640ed4196" sourceId="53c763be-0e7e-48af-894b-a4dbc84d9fe0" output="1" />
    <Patch componentId="43b50a5d-e8be-4670-a745-2507185a1599" sourceId="53c763be-0e7e-48af-894b-a4dbc84d9fe0" output="2" />
    <Patch componentId="ac7d36dd-b88c-4ef2-9401-0b63f1fc1b4d" sourceId="53c763be-0e7e-48af-894b-a4dbc84d9fe0" output="0" />
    <Patch componentId="59ee0b8f-22ff-4398-99b7-044abb086bf0" sourceId="53c763be-0e7e-48af-894b-a4dbc84d9fe0" output="1" />
    <Patch componentId="b95d3d92-5e2f-4d20-9921-d8c2aabf2f34" sourceId="53c763be-0e7e-48af-894b-a4dbc84d9fe0" output="2" />
    <Patch componentId="2bd02072-851d-47fd-8349-05febe620168" sourceId="fb198928-a532-439d-8b95-e81aeb9152b1" output="0" />
    <Patch componentId="7937dc58-e752-4918-829b-9a510374e0ab" sourceId="fb198928-a532-439d-8b95-e81aeb9152b1" output="1" />
    <Patch componentId="b5263da5-1cf4-44b4-890d-c9aba06df494" sourceId="fb198928-a532-439d-8b95-e81aeb9152b1" output="2" />
    <Patch componentId="8bed1363-1cdd-4cd3-8ba3-fcdbcdfcdecd" sourceId="fb198928-a532-439d-8b95-e81aeb9152b1" output="0" />
    <Patch componentId="11186431-60e3-412e-9ffc-597a52c14ade" sourceId="fb198928-a532-439d-8b95-e81aeb9152b1" output="1" />
    <Patch componentId="ae6a765d-9528-47c0-8baa-cb33cfbfc20d" sourceId="fb198928-a532-439d-8b95-e81aeb9152b1" output="2" />
    <Patch componentId="1f325925-5ae9-48df-b82f-2fe6cdad1c7e" sourceId="61a689b8-7736-4b55-a2c9-cb9fc3a8685b" output="0" />
    <Patch componentId="f0bbece6-8057-4204-900b-7a0a11307660" sourceId="4597682c-12fd-4c5f-b45b-a5a78176197e" output="0" />
    <Patch componentId="62dcba8a-4280-4518-972c-1bebd88919fc" sourceId="1f325925-5ae9-48df-b82f-2fe6cdad1c7e" output="0" />
    <Patch componentId="7872f600-fd99-4471-9598-6cedfb587d43" sourceId="1f325925-5ae9-48df-b82f-2fe6cdad1c7e" output="1" />
    <Patch componentId="ff334c03-de54-4fc5-8bb6-50fb0718dc6b" sourceId="1f325925-5ae9-48df-b82f-2fe6cdad1c7e" output="2" />
    <Patch componentId="73903b2a-fa90-4b90-917f-37133abc43f2" sourceId="1f325925-5ae9-48df-b82f-2fe6cdad1c7e" output="0" />
    <Patch componentId="71756191-f19e-4d05-b61d-75e7f1de2db9" sourceId="1f325925-5ae9-48df-b82f-2fe6cdad1c7e" output="1" />
    <Patch componentId="b250b793-9021-4c40-8ce6-c101c8a4138f" sourceId="1f325925-5ae9-48df-b82f-2fe6cdad1c7e" output="2" />
    <Patch componentId="2534d1d7-1c30-436e-b960-ec0cb2d5c885" sourceId="f0bbece6-8057-4204-900b-7a0a11307660" output="0" />
    <Patch componentId="f882c47e-a792-4508-ae24-3d70d89860ab" sourceId="f0bbece6-8057-4204-900b-7a0a11307660" output="1" />
    <Patch componentId="6689d601-c01f-447f-8eee-31d2f345f0c6" sourceId="f0bbece6-8057-4204-900b-7a0a11307660" output="2" />
    <Patch componentId="55c21c51-899a-4fa5-a6b5-35a28475b9fb" sourceId="f0bbece6-8057-4204-900b-7a0a11307660" output="0" />
    <Patch componentId="8b1938ce-f784-42a6-96cb-b3c05259b27e" sourceId="f0bbece6-8057-4204-900b-7a0a11307660" output="1" />
    <Patch componentId="a77a90ee-25ff-46d2-b680-07d475b4acba" sourceId="f0bbece6-8057-4204-900b-7a0a11307660" output="2" />
    <Patch componentId="56fbb66a-7e61-4a42-831e-f682abb83772" sourceId="d62f58e9-f3d3-4c3c-87ba-29e839dc4cca" output="0" />
    <Patch componentId="d6f791cf-9ff4-4372-8aa0-99e08e2a317e" sourceId="db776a84-3262-47e0-a3fe-a0c189065f27" output="0" />
    <Patch componentId="00f6d374-02c8-4987-b9f8-6e256232f412" sourceId="56fbb66a-7e61-4a42-831e-f682abb83772" output="0" />
    <Patch componentId="018a25ab-7e7c-413d-8751-8aabef798567" sourceId="56fbb66a-7e61-4a42-831e-f682abb83772" output="1" />
    <Patch componentId="4567cb94-7e28-413e-8169-09f777a06cee" sourceId="56fbb66a-7e61-4a42-831e-f682abb83772" output="2" />
    <Patch componentId="47d910b3-eb6c-476b-bb52-9f58183040de" sourceId="56fbb66a-7e61-4a42-831e-f682abb83772" output="0" />
    <Patch componentId="0e0667f2-6305-47d0-90f8-e465f381ab9f" sourceId="56fbb66a-7e61-4a42-831e-f682abb83772" output="1" />
    <Patch componentId="6f97707b-aa9a-407e-9414-71fa418482a5" sourceId="56fbb66a-7e61-4a42-831e-f682abb83772" output="2" />
    <Patch componentId="a026893c-411d-4d89-819b-18f23e2db488" sourceId="d6f791cf-9ff4-4372-8aa0-99e08e2a317e" output="0" />
    <Patch componentId="ab566f76-a784-48a8-80ee-abd05c793f22" sourceId="d6f791cf-9ff4-4372-8aa0-99e08e2a317e" output="1" />
    <Patch componentId="3d8390c7-a3f0-4dc0-a986-ea3dc7309d83" sourceId="d6f791cf-9ff4-4372-8aa0-99e08e2a317e" output="2" />
    <Patch componentId="87f9d65c-064d-4cf5-a212-a75824e6be94" sourceId="d6f791cf-9ff4-4372-8aa0-99e08e2a317e" output="0" />
    <Patch componentId="fab74a05-8ac8-4faf-803b-522c6b35f78a" sourceId="d6f791cf-9ff4-4372-8aa0-99e08e2a317e" output="1" />
    <Patch componentId="63f6673e-630f-47aa-8bcc-b23ffb92b659" sourceId="d6f791cf-9ff4-4372-8aa0-99e08e2a317e" output="2" />
    <Patch componentId="407cdb75-7462-4e87-a373-fb5629cbcc34" sourceId="5e1028e1-c39f-4034-895e-b0148edb3776" output="0" />
    <Patch componentId="4f786578-255c-4c8c-af84-b2cb8f93b226" sourceId="0482db90-0ec9-4e9c-a3e1-36107d7477b7" output="0" />
    <Patch componentId="b469a97f-b82b-4c22-8dbe-8b609934f5f2" sourceId="407cdb75-7462-4e87-a373-fb5629cbcc34" output="0" />
    <Patch componentId="ae21a60f-7faa-45ad-8a00-ed85607ed13d" sourceId="407cdb75-7462-4e87-a373-fb5629cbcc34" output="1" />
    <Patch componentId="f1da582a-b648-449f-9c04-47a70ae77fcc" sourceId="407cdb75-7462-4e87-a373-fb5629cbcc34" output="2" />
    <Patch componentId="afd2eea5-6d50-4084-8f18-c9459ecab2f7" sourceId="407cdb75-7462-4e87-a373-fb5629cbcc34" output="0" />
    <Patch componentId="a50a75ae-cf10-4916-b050-69fa73901876" sourceId="407cdb75-7462-4e87-a373-fb5629cbcc34" output="1" />
    <Patch componentId="54f9c318-1134-408b-aa97-d847f9518b54" sourceId="407cdb75-7462-4e87-a373-fb5629cbcc34" output="2" />
    <Patch componentId="9dd0b94f-5e3e-43a3-916f-f4e36cfd5300" sourceId="4f786578-255c-4c8c-af84-b2cb8f93b226" output="0" />
    <Patch componentId="27e2d4bf-fadc-4cf6-8e07-dc8cd5586f81" sourceId="4f786578-255c-4c8c-af84-b2cb8f93b226" output="1" />
    <Patch componentId="0e1e4731-d931-4357-bcb1-9756829a0e50" sourceId="4f786578-255c-4c8c-af84-b2cb8f93b226" output="2" />
    <Patch componentId="1c38e906-9264-444f-be3e-5dc51eaa952b" sourceId="4f786578-255c-4c8c-af84-b2cb8f93b226" output="0" />
    <Patch componentId="be41e5fe-08ca-4382-b082-bc2051c9284b" sourceId="4f786578-255c-4c8c-af84-b2cb8f93b226" output="1" />
    <Patch componentId="2bf8cadd-3ba6-45ac-aa29-54a33090ad5f" sourceId="4f786578-255c-4c8c-af84-b2cb8f93b226" output="2" />
    <Patch componentId="a7ace44b-1b7d-4714-95a6-739b89460a4a" sourceId="32b65acd-cff9-46e6-9f9b-30f8c50d5481" output="0" />
    <Patch componentId="72e32efd-5512-4751-b68f-bb3468210e68" sourceId="30355127-2f62-4917-879c-f8e30ea8587d" output="0" />
    <Patch componentId="1270874d-e299-40e3-b542-84fbead087e2" sourceId="1e1f8ddf-521f-405f-bab4-8aca03f57fcb" output="0" />
    <Patch componentId="7260b97c-8534-4a01-b349-649cf499e5c5" sourceId="2e473931-2110-41ea-aa79-2e033a7b4053" output="0" />
    <Patch componentId="f847a240-8bab-4f63-8b12-afb2671d2162" sourceId="092de9b7-2f52-4f51-8510-1991adaf316e" output="0" />
    <Patch componentId="c127d9f6-32ce-48ab-82fa-118e1c89737d" sourceId="a7ace44b-1b7d-4714-95a6-739b89460a4a" output="0" />
    <Patch componentId="1a96b4bf-48e7-4e21-ad0f-f9457490252d" sourceId="a7ace44b-1b7d-4714-95a6-739b89460a4a" output="1" />
    <Patch componentId="88389dfc-0119-4983-bc45-34e49a8f231a" sourceId="a7ace44b-1b7d-4714-95a6-739b89460a4a" output="2" />
    <Patch componentId="e8e09128-a916-4d14-ae5c-9d260ac3f5bc" sourceId="a7ace44b-1b7d-4714-95a6-739b89460a4a" output="0" />
    <Patch componentId="c9d9b72e-7aed-4b94-b276-02c2ebf7a4a9" sourceId="a7ace44b-1b7d-4714-95a6-739b89460a4a" output="1" />
    <Patch componentId="4761da2a-f848-4809-ad38-5f15f01db50c" sourceId="a7ace44b-1b7d-4714-95a6-739b89460a4a" output="2" />
    <Patch componentId="7164d5ac-5e9c-4104-aaf4-adc6b9c38aed" sourceId="72e32efd-5512-4751-b68f-bb3468210e68" output="0" />
    <Patch componentId="33dd0bde-e9ce-4c26-bf69-70326ce5a25c" sourceId="72e32efd-5512-4751-b68f-bb3468210e68" output="1" />
    <Patch componentId="22e4c131-7a95-41f4-9be6-d601180b4919" sourceId="72e32efd-5512-4751-b68f-bb3468210e68" output="2" />
    <Patch componentId="4a8579aa-2dc5-4672-b8ab-7744ac449883" sourceId="72e32efd-5512-4751-b68f-bb3468210e68" output="0" />
    <Patch componentId="19e95c19-9c81-4150-80b5-817774ba4f8c" sourceId="72e32efd-5512-4751-b68f-bb3468210e68" output="1" />
    <Patch componentId="0b4dcd4f-2eb8-40b5-a6a0-c35f4eb20be3" sourceId="72e32efd-5512-4751-b68f-bb3468210e68" output="2" />
    <Patch componentId="490d75b8-5eab-4475-bfaf-8dd6bc07921e" sourceId="1270874d-e299-40e3-b542-84fbead087e2" output="0" />
    <Patch componentId="f998f43b-f201-4cf0-b54c-670a2e772d11" sourceId="1270874d-e299-40e3-b542-84fbead087e2" output="1" />
    <Patch componentId="fb69af6e-ce3b-45ce-ab29-78d5c4704646" sourceId="1270874d-e299-40e3-b542-84fbead087e2" output="2" />
    <Patch componentId="e06f0b65-3f61-429a-99ea-3aeef69013f9" sourceId="1270874d-e299-40e3-b542-84fbead087e2" output="0" />
    <Patch componentId="813f6e99-f9b6-460b-8b6c-99a95f9ee567" sourceId="1270874d-e299-40e3-b542-84fbead087e2" output="1" />
    <Patch componentId="0bce5a89-4e21-413f-a4dd-aaeecc856a47" sourceId="1270874d-e299-40e3-b542-84fbead087e2" output="2" />
    <Patch componentId="8edda19e-8b9b-49fd-bdd5-7e1ff49b0926" sourceId="7260b97c-8534-4a01-b349-649cf499e5c5" output="0" />
    <Patch componentId="a41cd293-310b-4a25-839d-98e7ad237eaa" sourceId="7260b97c-8534-4a01-b349-649cf499e5c5" output="1" />
    <Patch componentId="b8cd8201-7521-404f-9790-c600f2a6fe9e" sourceId="7260b97c-8534-4a01-b349-649cf499e5c5" output="2" />
    <Patch componentId="2a2c82fa-2ab8-4bb2-ab68-691a05a79985" sourceId="7260b97c-8534-4a01-b349-649cf499e5c5" output="0" />
    <Patch componentId="8d998247-5f18-4949-9830-b9ac19558f37" sourceId="7260b97c-8534-4a01-b349-649cf499e5c5" output="1" />
    <Patch componentId="b9f4570f-5ed3-4c2f-b9af-20de0958f152" sourceId="7260b97c-8534-4a01-b349-649cf499e5c5" output="2" />
    <Patch componentId="cf866f7c-7898-440d-9471-c0ea759a8559" sourceId="f847a240-8bab-4f63-8b12-afb2671d2162" output="0" />
    <Patch componentId="d7bd2944-57fb-4d4b-b1eb-69fcd1aaab4d" sourceId="f847a240-8bab-4f63-8b12-afb2671d2162" output="1" />
    <Patch componentId="7ab3a2f1-91a1-4638-b7fa-89b2f335049e" sourceId="f847a240-8bab-4f63-8b12-afb2671d2162" output="2" />
    <Patch componentId="dc0f6c0a-19f5-4981-9002-6e76a18bce7c" sourceId="f847a240-8bab-4f63-8b12-afb2671d2162" output="0" />
    <Patch componentId="f6bd7f6d-fc5d-4a57-aea9-366f3472a7de" sourceId="f847a240-8bab-4f63-8b12-afb2671d2162" output="1" />
    <Patch componentId="7cd23b44-00a1-482b-96a4-0b164c6b0f1a" sourceId="f847a240-8bab-4f63-8b12-afb2671d2162" output="2" />
    <Patch componentId="42d3d6fc-4808-481a-bd5f-4833c0ffbbbf" sourceId="96d1781b-3d69-4172-a61a-7d42fb0bcf94" output="0" />
    <Patch componentId="9b802272-c770-4391-83b2-ac5b175cf09b" sourceId="42d3d6fc-4808-481a-bd5f-4833c0ffbbbf" output="0" />
    <Patch componentId="2d81bc86-3e4a-4e9e-8b42-7729163d808c" sourceId="42d3d6fc-4808-481a-bd5f-4833c0ffbbbf" output="1" />
    <Patch componentId="15325ffb-3b31-4019-817f-819dc43c20f1" sourceId="42d3d6fc-4808-481a-bd5f-4833c0ffbbbf" output="2" />
    <Patch componentId="f3fba506-2156-435d-8c95-12f843a1d6c2" sourceId="42d3d6fc-4808-481a-bd5f-4833c0ffbbbf" output="0" />
    <Patch componentId="c4aed194-44f2-4f0b-a103-07643c23f2b6" sourceId="42d3d6fc-4808-481a-bd5f-4833c0ffbbbf" output="1" />
    <Patch componentId="63d7eaf1-0b38-4a63-84f8-4138a014c9e3" sourceId="42d3d6fc-4808-481a-bd5f-4833c0ffbbbf" output="2" />
    <Patch componentId="937c8e90-80c6-4c84-866d-07bd93f4b0af" sourceId="b9d19d1e-7c6f-4bb4-9706-8af301319ed4" output="0" />
    <Patch componentId="961b4c66-05e2-4488-92ea-e76055ad6de1" sourceId="b9d19d1e-7c6f-4bb4-9706-8af301319ed4" output="0" />
    <Patch componentId="9cf62595-6a65-406e-8450-f50c66170826" sourceId="4d339d96-2527-440f-9b14-3d6234f1729e" output="0" />
    <Patch componentId="60593bd2-9b3e-40d2-8874-33f6495f2828" sourceId="4d339d96-2527-440f-9b14-3d6234f1729e" output="0" />
    <Patch componentId="f0ce2130-100a-4a5a-8ee8-d23332e00eb8" sourceId="7a9ef158-a2e0-4652-ae0f-2222dd5cc616" output="0" />
    <Patch componentId="e0c41cf1-4047-4f01-a561-f923ed223a69" sourceId="7a9ef158-a2e0-4652-ae0f-2222dd5cc616" output="0" />
    <Patch componentId="e8644d31-2bdf-4f9d-8123-bddbc282ac43" sourceId="201c096d-f6c2-46cd-84a7-6e7b85a677ff" output="0" />
    <Patch componentId="14b6db62-e684-43e1-a7a1-7a8b72af018a" sourceId="201c096d-f6c2-46cd-84a7-6e7b85a677ff" output="0" />
    <Patch componentId="15005336-709d-457f-8f75-87203cc24d26" sourceId="88492483-1f55-4890-8e21-5eeeb4b5fecc" output="0" />
    <Patch componentId="a6c47137-f718-4611-898b-331ef5bdfa71" sourceId="88492483-1f55-4890-8e21-5eeeb4b5fecc" output="0" />
    <Patch componentId="692590ae-570b-4071-a208-8f8a9addd124" sourceId="657d51c1-6922-4f0b-82bf-0eeb273b8c69" output="0" />
    <Patch componentId="8d12b393-7932-4f0f-8cb6-096a991861c0" sourceId="657d51c1-6922-4f0b-82bf-0eeb273b8c69" output="0" />
    <Patch componentId="eb6a07fd-a514-49ec-8df1-d178e0c8d778" sourceId="690471f2-ff5a-4f89-b6d1-d0d28cd07807" output="0" />
    <Patch componentId="a87a2d72-f059-4bd8-8330-abf5bd271e0f" sourceId="690471f2-ff5a-4f89-b6d1-d0d28cd07807" output="0" />
    <Patch componentId="a8776cc3-d331-4963-a275-5da70ecffdc9" sourceId="977fff64-6abc-4849-9609-83b87c609593" output="0" />
    <Patch componentId="c5e8c612-5747-4055-ab1b-987b41d0c8d9" sourceId="977fff64-6abc-4849-9609-83b87c609593" output="0" />
    <Patch componentId="e8065531-89dc-4e05-9f92-626b89126b45" sourceId="5f434f08-a365-4a44-819d-45d98ae186fd" output="0" />
    <Patch componentId="120eb6eb-09d4-486e-989a-5f5c57ea6b68" sourceId="d7c44971-0b69-4232-af94-72fc8d6dc8c7" output="0" />
    <Patch componentId="3aa02a49-810d-4da1-8b91-0b24407041e5" sourceId="d7c44971-0b69-4232-af94-72fc8d6dc8c7" output="1" />
    <Patch componentId="596bc214-f74e-42a9-bfc8-e287c248f944" sourceId="d7c44971-0b69-4232-af94-72fc8d6dc8c7" output="2" />
    <Patch componentId="59d6ddf6-cf79-4a7e-8bc0-5fbc2c3bfa6e" sourceId="e1537139-f1ad-42cc-a96e-a725b28948c2" output="0" />
    <Patch componentId="26a3898e-6327-4358-8f51-1811f70b48f3" sourceId="e1537139-f1ad-42cc-a96e-a725b28948c2" output="1" />
    <Patch componentId="0fdbcf49-c52b-4857-bc8c-e3f2ea6ece83" sourceId="e1537139-f1ad-42cc-a96e-a725b28948c2" output="2" />
    <Patch componentId="e5166a9b-86c4-4c22-97cb-8bf982631210" sourceId="73d1246b-9e64-44bc-b771-aed708d73c59" output="0" />
    <Patch componentId="0363bcd4-48bc-46e4-915d-d412048eb66e" sourceId="352e399a-2197-4c9e-871d-5639959af76d" output="0" />
  </Patches>
  <DisabledDevices>
    <Device id="5bafc0aa-9c15-4e1d-9a0e-bb1163a98450" />
  </DisabledDevices>
</SystemConfig>